[{"message":"عهغعه","from":"DESKTOP-6CI06CM\n"},{"message":"gfh","from":"DESKTOP-6CI06CM\n"},{"message":"islam mostafa","from":"Admin"},{"message":"dfgdfg","from":"Admin"},{"message":"dsfdsfsdf","from":"Admin"},{"message":"dfdsfdsf","from":"Admin"},{"message":"fdsfdsf","from":"Admin"},{"message":"dsfdsfdsf","from":"DESKTOP-6CI06CM\n"},{"message":"dsfdsfs","from":"DESKTOP-6CI06CM\n"},{"message":"dsfsdf","from":"DESKTOP-6CI06CM\n"},{"message":"dsfdsfsdf","from":"Admin"},{"message":"hi","from":"Admin"},{"message":"plesase","from":"Admin"},{"message":"dsfdsfdsfdsfdsfdsfdsfdsfdsfdsfdsfdsfdsfdsfdsfdsfdsfdsfdsfdsfdsfdsfdgfhhghr5ythhtrhthrtrhtrhhtrhtrthtrrthtrtrhthtrhrhthrthrhttrhrhtrhrthhtrhtrhttrhrthtrhrhttrhrthttrhhtrh","from":"Admin"},{"message":"fgfdgfdgfdgfdgfdgfdgfdgfdgfdgfdgfdgfdg","from":"Admin"},{"message":"dsdfdsf","from":"DESKTOP-6CI06CM\n"},{"message":"dfsfsdfdsfdsfdslkf;dslf\\","from":"Admin"},{"message":"dsfdsfdslfds","from":"Admin"},{"message":"dsdfdsfdsfdsf","from":"DESKTOP-6CI06CM\n"},{"message":"dsfdsfdslfds","from":"Admin"}]